-- ksiazki
INSERT INTO book(author, deleted, description, pages, quantity, title, unit_price, year) VALUES ('Andrzej Sapkowski',FALSE,'Wiedźmiński kodeks stawia tę sprawę w sposób jednoznaczny: wiedźminowi smoka zabijać się nie godzi. To gatunek zagrożony wymarciem. Aczkolwiek w powszechnej opinii to gad najbardziej wredny. Na oszluzgi, widłogony i latawce kodeks polować przyzwala. Ale na smoki – nie. Wiedźmin Geralt przyłącza się jednak do zorganizowanej przez króla Niedamira wyprawy na smoka, który skrył się w jaskiniach...',111,100,'Miecz przeznaczenia',120.5 , 2015);
INSERT INTO book(author, deleted, description, pages, quantity, title, unit_price, year) VALUES ('Andrzej Sapkowski',FALSE,'Andrzej Sapkowski, arcymistrz światowej fantasy, zaprasza do swojego Neverlandu i przedstawia uwielbianą przez czytelników i wychwalaną przez krytykę wiedźmińską sagę! "Tako rzecze Ithlinne, elfia wieszczka i uzdrowicielka: Drżyjcie, albowiem nadchodzi Niszczyciel Narodów. Stratują waszą ziemię i sznurem ją podzielą. Miasta wasze zostaną zburzone i pozbawione mieszkańców. Nietoperz i kruk w...',111,90 ,'Krew Elfów',110 , 2015);
INSERT INTO book(author, deleted, description, pages, quantity, title, unit_price, year) VALUES ('Andrzej Sapkowski',FALSE,'Później mówiono, że człowiek ów nadszedł od północy, od Bramy Powroźniczej. Nie był stary, ale włosy miał zupełnie białe. Kiedy ściągnął płaszcz, okazało się, że na pasie za plecami ma miecz. Białowłosego przywiodło do miasta królewskie orędzie: trzy tysiące orenów nagrody za odczarowanie nękającej mieszkańców Wyzimy strzygi. Takie czasy nastały. Dawniej po lasach jeno wilki wyły, teraz...',111,75,'Ostatnie Życzenie',85 , 2015);
INSERT INTO book(author, deleted, description, pages, quantity, title, unit_price, year) VALUES ('John Ronald Reuel Tolkien',FALSE,'Pierwsza książka Tolkiena zdobyła tak ogromną popularność, że dziś trudno wręcz spotkać kogoś, kto nie słyszałby o hobbitach. Od 1937 roku jest nieprzerwanie wznawiana na całym świecie.Tolkien napisał ją dla swoich dzieci, ale stała się klasyką i wstępem do Władcy Pierścieni.To właśnie w Hobbicie Tolkien po raz pierwszy odmalował wypełnionąprzez smoki, czarodziei i magiczne przedmioty krainę,...', 450,50,'Hobbit', 69.9 , 2012);
INSERT INTO book(author, deleted, description, pages, quantity, title, unit_price, year) VALUES ('Suzanne Collins',FALSE,'Igrzyska śmierci", pierwszy tom bestsellerowej trylogii Suzanne Collins, trafia do kin! To opowieść o świecie Panem rządzonym przez okrutne władze, w którym co roku dwójka nastolatków z każdego z dwunastu dystryktów wyrusza na Głodowe Igrzyska, by stoczyć walkę na śmierć i życie. Bohaterką, a jednocześnie narratorką książki jest szesnastoletnia Katniss Everdeen, która mieszka z matką i...',345,30,'Igrzyska śmierci', 80 , 2010);
INSERT INTO book(author, deleted, description, pages, quantity, title, unit_price, year) VALUES ('George R.R. Martin',FALSE,'W Zachodnich Krainach o ośmiu tysiącach lat zapisanej historii widmo wojen i katastrofy nieustannie wisi nad ludźmi. Zbliża się zima, lodowate wichry wieją z północy, gdzie schroniły się wyparte przez ludzi pradawne rasy i starzy bogowie. Zbuntowani władcy na szczęście pokonali szalonego Smoczego Króla, Aerysa Targaryena, zasiadającego na Żelaznym Tronie Zachodnich Krain, lecz obalony władca...',111,100,'Gra o tron',125 , 2012);
INSERT INTO book(author, deleted, description, pages, quantity, title, unit_price, year) VALUES ('Stephenie Meyer',FALSE,'Czym zakończy się rok oczekiwania, marzeń, rozterek, lęków Belli? Czy rozdarta między uczuciami do wampira i wilkołaka nastolatka zdoła któregoś z nich wybrać? Czy zdecyduje się na mroczną, ale pociągająca egzystencję nieśmiertelnego wampira, czy też zwalczy miłość do Edwarda i zdecyduje się pozostać zwykłym człowiekiem? Czy ten romans skończy się ślubem? I jakie będą jego konsekwencje?',561,200,'Przed świtem', 40 , 2007);
INSERT INTO book(author, deleted, description, pages, quantity, title, unit_price, year) VALUES ('Stephen King',FALSE,'Akcja powieści, zbliżonej klimatem do głośnej noweli tego samego autora, toczy się w Ameryce lat 30. Jej bohaterowie to więźniowie oczekujący na wykonanie kary śmierci i pilnujący ich strażnicy. Książkę zekranizował w 1999 roku Frank Darabont; główną rolę zagrał Tom Hanks. Wśród przebywających w więzieniu Cold Mountain skazańców znajduje się nieobliczalny, niezwykle agresywny młodociany...',600,15,'Zielona Mila',65 , 1999);
INSERT INTO book(author, deleted, description, pages, quantity, title, unit_price, year) VALUES ('Ernest Hemingway',FALSE,'Od lat utwór ten pozostaje w kanonie lektur szkolnych. Opisuje zmagania rybaka ze swoją zdobyczą i wiele uczy współczesnego czytelnika na temat walki i znaczenia słów: wygrać i przegrać...',104,20,'Stary człowiek i morze',35 , 2007);
INSERT INTO book(author, deleted, description, pages, quantity, title, unit_price, year) VALUES ('Ken Kesey',FALSE,'Lot nad kukułczym gniazdem, genialny debiut Kena Keseya, rozszedł się w samych tylko Stanach Zjednoczonych w nakładzie 10 milionów egzemplarzy. Nakręcony na jego podstawie film Miloša Formana – z niezapomnianą kreacją aktorską Jacka Nickolsona – zdobył 5 Oscarów. McMurphy, szuler, dziwkarz i zabijaka, udaje wariata, żeby wykpić się od odsiadywania wyroku. Pobyt w szpitalu psychiatrycznym...',386,15,'Lot nad kukułczym gniazdem', 26.99 , 2015);
INSERT INTO book(author, deleted, description, pages, quantity, title, unit_price, year) VALUES ('Joanne Kathleen Rowling',FALSE,'Harry Potter, sierota i podrzutek, od niemowlęcia wychowywany był przez ciotkę i wuja, którzy traktowali go jak piąte koło u wozu. Pochodzenie chłopca owiane jest tajemnicą, jedyną pamiątką Harry''ego z przeszłości jest zagadkowa blizna na czole. Skąd jednak biorą się niesamowite zjawiska, które towarzyszą nieświadomemu niczego Potterowi? Harry nigdy by się nie spodziewał, że można latać na...',678,32,'Harry Potter i Kamień Filozoficzny',30 , 2016);
INSERT INTO book(author, deleted, description, pages, quantity, title, unit_price, year) VALUES ('Walter Isaacson',FALSE,'Ekskluzywna biografia twórcy firmy Apple -Steve''a Jobsa (jedyna napisana przy jego współpracy) pióra Waltera Isaacsona, autora bestsellerowych biografii Benjamina Franklina i Alberta Einseina. Opierając się na ponad czterdziestu rozmowach z Jobsem, przeprowadzonych w ciągu dwóch lat, a także na wywiadach z ponad setką osób: członkami rodziny, przyjaciółmi, przeciwnikami, konkurentami i...',730, 250,'Steve Jobs',45.5 , 2013);
INSERT INTO book(author, deleted, description, pages, quantity, title, unit_price, year) VALUES ('Lew Tołstoj',FALSE,'Wojna i pokój – powieść historyczna rosyjskiego pisarza Lwa Tołstoja, pisana w latach 1863–1869, często uznawana za rosyjską epopeję narodową.',1181,0,'Wojna i pokój',25.9 , 1988);
INSERT INTO book(author, deleted, description, pages, quantity, title, unit_price, year) VALUES ('Stephen King',FALSE,'Powieść uważana przez wielu czytelników za horror wszech czasów. Jack Torrance, były nauczyciel, a obecnie poszukujący weny pisarz, otrzymuję pracę dozorcy w opuszczonym na okres zimowy górskim hotelu Overlook. Kiedy burze śnieżne odcinają od świata rodzinę Torrance''ów, obdarzony telepatycznymi zdolnościami Danny, pięcioletni syn Jacka, odkrywa, że hotel jest nawiedzony, a duchy powoli...',520,18,'Lśnienie',19.9 , 2009);
INSERT INTO book(author, deleted, description, pages, quantity, title, unit_price, year) VALUES ('Stephen William Hawking',FALSE,'Krótka historia czasu, światowy bestseller Stephena Hawkinga, wszedł do kanonu literatury popularnonaukowej. Do sukcesu książki przyczyniły się zarówno renoma autora, jak i zagadnienia, którymi się w książce zajmuje: natura kosmosu, rola Boga w akcie stworzenia, historia oraz przyszłość wszechświata. Czytelnicy wielokrotnie zwracali uwagę Hawkingowi na trudności ze zrozumieniem niektórych...',224,8,'Jeszcze krótsza historia czasu', 35 , 2015);
INSERT INTO book(author, deleted, description, pages, quantity, title, unit_price, year) VALUES ('Brian Tracy',FALSE,'Książka dla ludzi biznesu. Ta przekonująca metafora, ogromna żaba czekająca na zjedzenie, to twoje największe, najważniejsze zadanie, z którego realizacją będziesz prawdopodobnie zwlekał, jeśli nie zajmiesz się nim od razu.',345, 70,'Zjedz tę żabę',110 , 2005);
INSERT INTO book(author, deleted, description, pages, quantity, title, unit_price, year) VALUES ('Anthony Robbins',FALSE,'Anthony ROBBINS niezwykłe zjawisko w kręgach amerykańskiej nauki ostatnich lat uchodzi za człowieka, który osiągnął szczyty możliwości wnikania w ludzkie wnętrze. W ciągu dekady ponad milion ludzi zainwestowało, z powodzeniem, w książki, kasety audio i wideo z materiałami jego autorstwa. Robbins jest pierwszym pośród pionierskich ekspertów od tzw. psychologii zmian w USA. z wielkim sukcesem...',690,52,'Obudź w sobie olbrzyma',15 , 2001);
INSERT INTO book(author, deleted, description, pages, quantity, title, unit_price, year) VALUES ('Stanisław Bolkowski',FALSE,'W dziewiątym wydaniu podręcznika z teorii obwodów elektrycznych przedstawiono analizę obwodów elektrycznych liniowych prądu przemiennego, metody rozwiązywania obwodów wielooczkowych i wielowęzłowych, analizę układów trójfazowych, teorię czwórników i teorię obwodów o parametrach rozłożonych. Analizę obwodów liniowych w stanach nieustalonych omówiono przy zastosowaniu metody klasycznej, metody...',584,16,'Teoria obwodów elektrycznych',40 , 2008);
INSERT INTO book(author, deleted, description, pages, quantity, title, unit_price, year) VALUES ('Tomasz Francuz',FALSE,'Mikrokontrolery AVR firmy Atmel stanowią dynamicznie rozwijającą się rodzinę układów. Dzięki niskiej cenie, dużym możliwościom i dostępności darmowych narzędzi od lat niezmiennie cieszą się dużą popularnością wśród hobbystów i osób profesjonalnie zajmujących się programowaniem mikrokontrolerów. Pewnym utrudnieniem dla polskich użytkowników AVR jest brak literatury na temat wykorzystania do...', 568,0,'Język C dla mikrokontrolerów AVR',250 , 2011);
INSERT INTO book(author, deleted, description, pages, quantity, title, unit_price, year) VALUES ('David Lloyd',FALSE,'Jedno z najbardziej znanych na świecie dzieł komiksowych. Spopularyzowane przez adaptację filmową z 2006 roku. Scenarzysta Alan Moore prezentuje dystopijną alternatywną rzeczywistość lat dziewięćdziesiątych XX wieku. W poprzedniej dekadzie zimna wojna przerodziła się w gorącą, a Anglia, gdzie rozgrywa się akcja komiksu, przetrwała atomową hekatombę, by przerodzić się w państwo totalitarne. Ta...',296,90,'V jak Vendetta',99.9 , 2014);
INSERT INTO book(author, deleted, description, pages, quantity, title, unit_price, year) VALUES ('Dorota Świątkowska',FALSE,'Książka Moje Wypieki i desery zawiera najpopularniejsze przepisy zebrane przez ponad sześć lat blogowania, ozdobione pięknymi autorskimi zdjęciami. Wielokrotnie przetestowane receptury na boskie serniki, najlepsze ciasta drożdżowe, muffinki i babeczki, lody i mrożone desery, ciasta czekoladowe i z owocami, kruche tarty i torty, a także tradycyjne makowce, szarlotki, mazurki i wiele innych. To...',121,33,'Moje wypieki i desery',13 , 2013);
INSERT INTO book(author, deleted, description, pages, quantity, title, unit_price, year) VALUES ('Paul Merson',FALSE,'Najważniejsza dla Mersona zawsze była, jest i będzie niepohamowana miłość do piłki nożnej Większość sławnych osób stara się ukazywać swoje życie jako pasmo sukcesów i marginalizować krępujące epizody z przeszłości. Legendarny piłkarz Paul Merson postąpił dokładnie odwrotnie. Szczegółowo przedstawił swoje najmniej chlubne doświadczenia, skupiając się na licznych ekscesach wywołanych...',336,66,'Jak nie być profesjonalnym piłkarzem',11 , 2012);
INSERT INTO book(author, deleted, description, pages, quantity, title, unit_price, year) VALUES ('Barbara Osińska',FALSE,'Sztuka i czas. Od prehistorii do rokoka Barbary Osińskiej jest pierwszą częścią cyklu historii sztuki. Stanowi szczegółowy i chronologiczny kurs historii sztuki, przeznaczony dla wszystkich zainteresowanych tą dziedziną wiedzy. Podręcznik zawiera wiele ilustracji.',256,0,'Sztuka i czas. Od prehistorii do rokoka',77.9 , 2015);
INSERT INTO book(author, deleted, description, pages, quantity, title, unit_price, year) VALUES ('Tadeusz Chudecki',FALSE,'Autor w niezmiernie barwny sposób przedstawia wybrane kraje naszego kontynentu. To przewodnik, w którym opisy przeplatają się z wątkami wspomnieniowymi, anegdotami i praktycznymi informacjami oraz fascynującymi fotografiami. Trasy wycieczkowe po najciekawszych miejscach zwiedzisz miasta, ich zabytki i muzea, odwiedzisz magiczne zakątki, zobaczysz urzekające krajobrazy. Aktualne adresy agencji...',59,34,'Wspaniałe podróże na każdą kieszeń',15 , 2003);
INSERT INTO book(author, deleted, description, pages, quantity, title, unit_price, year) VALUES ('Oliver Sacks',FALSE,'Pacjenci z problemami natury neurologicznej - napisał kiedyś Oliver Sacks - to podróżnicy po niezwykłych krainach". Zbiór opowiadań „Antropolog na Marsie” przedstawia portrety siedmiu takich podróżników. Choć zranieni i okaleczeni, potrafią znaleźć w sobie siłę, która zmienia ich tożsamość i życie, a tym samym ułatwia przetrwanie w nowych warunkach. Świata tych ludzi nie da się poznać na...',392,67,'Antropolog na Marsie',45.5 , 1990);
INSERT INTO book(author, deleted, description, pages, quantity, title, unit_price, year) VALUES ('Platon',FALSE,'W świecie idei Platona jedną z najistotniejszych była idea państwa doskonałego, rządzonego przez mędrców- filozofów, realizującego takie wartości jak: Sprawiedliwość, Prawda, Dobro i Piękno. Warunkiem realizacji tych szczytnych celów było odrzucenie demokracji. Cóż bowiem miała i ma do zaoferowania demokracja, która zabiła tak prawego i uczciwego człowieka jak Sokrates, która podporządkowuje -...',341,20,'Państwo', 59.9 , 2006);
INSERT INTO book(author, deleted, description, pages, quantity, title, unit_price, year) VALUES ('Ryszard Kapuściński',FALSE,'Ryszard Kapuściński był nie tylko jednym z najwybitniejszych reportażystów XX wieku, ale też znakomitym fotografem. W albumie tym znalazł się wybór jego najlepszych - często nigdy nie publikowanych - fotografii robionych podczas podróży autora Cesarza po całym świecie. „W swej pracy Ryszard Kapuściński trafiał w przeróżne rozpaczliwie biedne i targane wojnami zakątki świata. Mimo to jego...',224,0,'Ze świata', 32 , 2006);
INSERT INTO book(author, deleted, description, pages, quantity, title, unit_price, year) VALUES ('Beata Pawlikowska',FALSE,'To nie jest podręcznik do nauki języka obcego. Jest to kurs rozmawiania w języku obcym. Uczy mówienia i rozumienia. Zero gramatyki, zero wykuwania słówek, zero odmian czasowników, które trzeba na pamięć wbić sobie do głowy. „Blondynka na językach” to kurs nauki języków obcych, oparty o zupełnie nową metodę uczenia. Powstała ona w oparciu o moje doświadczenia w nauce języków obcych. Bo pewnego...',340,27,'Blondynka na językach - Angielski Brytyjski', 15.5 , 2010);
INSERT INTO book(author, deleted, description, pages, quantity, title, unit_price, year) VALUES ('Adrian Frutiger',FALSE,'Kalendarz na rok 2016',12,80,'Kalendarz', 6 , 2016);
INSERT INTO book(author, deleted, description, pages, quantity, title, unit_price, year) VALUES ('Beata Pawlikowska',FALSE,'To nie jest zwykły podręcznik do nauki języka obcego. Jest to kurs rozmawiania w języku obcym. Uczy mówienia i rozumienia. Zero gramatyki, zero wykuwania słówek, zero odmian czasowników, które trzeba na pamięć wbić sobie do głowy. „Blondynka na językach” to kurs nauki języków obcych, oparty o zupełnie nową metodę uczenia. Powstała ona w oparciu o moje doświadczenia w nauce języków obcych. Bo...',280,0,'Blondynka na językach. Hiszpański Europejski', 67 , 2001);
INSERT INTO book(author, deleted, description, pages, quantity, title, unit_price, year) VALUES ('Joanne Baker',FALSE,'Książka zawiera 50 krótkich, świetnie napisanych esejów, które prezentują najważniejsze koncepcje w dziejach fizyki, słynne odkrycia naukowe, prawa fizyczne i zasady ich działania, które wyjaśniają dlaczego wszechświat wygląda i funkcjonuje tak, a nie inaczej. W bardzo przystępny sposób, bez posługiwania się wzorami, opowiada o najważniejszych teoriach i odkryciach w dziedzinie fizyki....',590,55,'50 teorii fizyki, które powinieneś znać', 60 , 2013);
INSERT INTO book(author, deleted, description, pages, quantity, title, unit_price, year) VALUES ('Paul Britton',FALSE,'Paul Britton, jeden z najsłynniejszych na świecie profilerów – czyli specjalistów, którzy tworzą psychologiczny portret sprawców zbrodni – zabiera nas w podróż w głąb zbrodniczego umysłu. Okrutne i pozornie niezrozumiałe morderstwo dokonane przez dwójkę nastolatków; psychopaci ukrywający ciała ofiar w ścianach własnego domu i w przydomowym ogródku; szantażysta grożący zatruciem karmy dla...',678,43,'Profil mordercy', 39.9 , 2010);
INSERT INTO book(author, deleted, description, pages, quantity, title, unit_price, year) VALUES ('Eric Berne',FALSE,'Książka znanego psychiatry amerykańskiego przedstawia zagadnienie stosunków międzyludzkich w kategoriach tzw. analizy transakcyjnej. Eric Berne omawia typowe sytuacje społeczne, ujmując je w konwencji "gier". Poznanie tych "gier", głębsze wniknięcie w ich strukturę i charakter pozwala czytelnikowi lepiej zrozumieć zarówno siebie, jak i drugiego człowieka, co prowadzić może do ulepszenia...',780,0,'W co grają ludzie. Psychologia stosunków międzyludzkich', 78 , 1997);
INSERT INTO book(author, deleted, description, pages, quantity, title, unit_price, year) VALUES ('Sarah Young',FALSE,'Nic na niebie i na ziemi nie może mnie powstrzymać przed miłością do Ciebie, moje dziecko! – Jezus Chrystus Sarah Young usłyszała w swoim sercu słowa Jezusa, które, przekazane dalej, stawały się dla wielu chrześcijan źródłem siły i wielką pomocą w modlitwie. Autorka wiedziała, że Jezus mówi nie tylko do niej, ale swój głos kieruje do wszystkich ludzi. W sposób szczególny zaś, każdego dnia,...',120,60,'Jezus mówi do dzieci. Opowieści biblijne', 15 , 2014);
INSERT INTO book(author, deleted, description, pages, quantity, title, unit_price, year) VALUES ('E L James',FALSE,'Hipnotyczna, uzależniająca, iskrząca seksem i erotyką powieść, której nie sposób odłożyć. Studentka literatury Anastasia Steele przeprowadza wywiad z młodym przedsiębiorcą Christianem Greyem. Niezwykle przystojny i błyskotliwy mężczyzna budzi w młodej dziewczynie szereg sprzecznych emocji. Fascynuje ją, onieśmiela, a nawet budzi strach. Przekonana, że ich spotkania nie należało do udanych,...',608,100,'Pięćdziesiąt twarzy Greya', 8 , 2012);
INSERT INTO book(author, deleted, description, pages, quantity, title, unit_price, year) VALUES ('Robert B. Cialdini',FALSE,'Jak nakłonić kogoś do zmiany sposobu postępowania? Jak zachęcić innych ludzi do zmiany decyzji? Jak skłonić do tego, by takiej zmiany zapragnęli? Jak obronić się przed ich wpływem na nasze decyzje? Jeśli chcesz poznać odpowiedzi na te pytania, sięgnij po książkę światowej sławy eksperta w dziedzinie wywierania wpływu. Dowiesz się z niej nie tylko, jak skutecznie wpływać na ludzi, ale także...',328,56,'Wywieranie wpływu na ludzi. Teoria i praktyka', 79.9 , 2005);
INSERT INTO book(author, deleted, description, pages, quantity, title, unit_price, year) VALUES ('Mario Puzo',FALSE,'Don Vito Corleone jest Ojcem Chrzestnym jednej z sześciu nowojorskich rodzin mafijnych. Tyran i szantażysta (słynne powiedzenie „mam dla Ciebie propozycję nie do odrzucenia”), a zarazem człowiek honoru, sprawuje rządy żelazną ręką. Jego decyzje mają charakter ostateczny. Wśród swoich wrogów wzbudza respekt i strach, wśród przyjaciół – zasłużony, choć nie całkiem bezinteresowny szacunek. Kiedy...',480,89,'Ojciec Chrzestny', 110 , 2013);
INSERT INTO book(author, deleted, description, pages, quantity, title, unit_price, year) VALUES ('Charles Duhigg',FALSE,'Nawyki mają potężną moc, a przyzwyczajenie jest drugą naturą człowieka! Nałogowo palimy, bezustannie sprawdzamy wiadomości na Facebooku, chronicznie wybieramy nieodpowiednich partnerów, zawsze ścielimy łóżka lub nie robimy tego nigdy. Autor udowadnia, że odpowiednie pokierowanie wyrobieniem nowych lub zmianą dotychczasowych nawyków może diametralnie odmienić czyjeś życie, ale także...',424,19,'Siła nawyku', 45 , 2008);
INSERT INTO book(author, deleted, description, pages, quantity, title, unit_price, year) VALUES ('Thomas M. Campbell',FALSE,'W swojej książce Campbell, który ma za sobą 40 lat bycia biochemikiem żywienia, przywołuje i interpretuje wyniki największego na świecie badania dotyczącego odżywiania, jakie kiedykolwiek przeprowadzono - autor przeanalizował dietę 6,5 tysiąca osób w 65 chińskich i tajskich prowincjach. Następnie porównuje opartą głównie na roślinach dietę badanych osób z bogatą w mięso i nabiał dietą Zachodu....',221,30,'Nowoczesne zasady odżywiania', 32 , 2012);
-- sposob wysylki
INSERT INTO book(author, deleted, description, pages, quantity, title, unit_price, year) VALUES ('Wysylka Inpost' , TRUE ,'Wysylka Inpost' , 1 , 100000 , 'Wysylka Inpost' , 10 , 1);
INSERT INTO book(author, deleted, description, pages, quantity, title, unit_price, year) VALUES ('Wysylka Kurier' , TRUE ,'Wysylka Kurier' , 1 , 100000 , 'Wysylka Kurier' , 15 , 1);
INSERT INTO book(author, deleted, description, pages, quantity, title, unit_price, year) VALUES ('Wysylka Poczta' , TRUE ,'Wysylka Poczta' , 1 , 100000 , 'Wysylka Poczta' , 12 , 1);


-- kategorie ksiazek
INSERT INTO book_category VALUES ('ALB', 'Albumy');
INSERT INTO book_category VALUES ('AUD', 'Audiobooki');
INSERT INTO book_category VALUES ('BIO', 'Biografie');
INSERT INTO book_category VALUES ('BIZ', 'Biznes, ekonomia');
INSERT INTO book_category VALUES ('DZI', 'Dla dzieci');
INSERT INTO book_category VALUES ('MLO', 'Dla młodzieży');
INSERT INTO book_category VALUES ('ENC', 'Encyklopedie');
INSERT INTO book_category VALUES ('FAN', 'Fantastyka');
INSERT INTO book_category VALUES ('FIL', 'Filozofia');
INSERT INTO book_category VALUES ('HIS', 'Historia');
INSERT INTO book_category VALUES ('INF', 'Informatyka');
INSERT INTO book_category VALUES ('JEZ', 'Językoznawstwo');
INSERT INTO book_category VALUES ('KAL', 'Kalendarze');
INSERT INTO book_category VALUES ('KOM', 'Komiks');
INSERT INTO book_category VALUES ('KUC', 'Kuchnia i diety');
INSERT INTO book_category VALUES ('LIT', 'Literatura');
INSERT INTO book_category VALUES ('FAK', 'Literatura faktu');
INSERT INTO book_category VALUES ('OBY', 'Literatura obycz.');
INSERT INTO book_category VALUES ('NAU', 'Nauka języków');
INSERT INTO book_category VALUES ('SCI', 'Nauki ścisłe');
INSERT INTO book_category VALUES ('POD', 'Podręczniki');
INSERT INTO book_category VALUES ('POR', 'Poradniki');
INSERT INTO book_category VALUES ('PRA', 'Prawo');
INSERT INTO book_category VALUES ('PSY', 'Psychologia');
INSERT INTO book_category VALUES ('REL', 'Religie i wyznania');
INSERT INTO book_category VALUES ('ROM', 'Romans');
INSERT INTO book_category VALUES ('ROZ', 'Rozwój osobisty');
INSERT INTO book_category VALUES ('SEN', 'Sensacja, kryminał');
INSERT INTO book_category VALUES ('SOC', 'Socjologia');
INSERT INTO book_category VALUES ('SPO', 'Sport i wypoczynek');
INSERT INTO book_category VALUES ('SZT', 'Sztuka');
INSERT INTO book_category VALUES ('THR', 'Thriller, horror');
INSERT INTO book_category VALUES ('TUR', 'Turystyka i podróże');
INSERT INTO book_category VALUES ('ZDR', 'Zdrowie, rodzina');

-- ksiazki do kategorii
INSERT INTO book_to_category(book, category) VALUES (1, 'FAN');
INSERT INTO book_to_category(book, category) VALUES (2, 'FAN');
INSERT INTO book_to_category(book, category) VALUES (3, 'FAN');
INSERT INTO book_to_category(book, category) VALUES (4, 'FAN');
INSERT INTO book_to_category(book, category) VALUES (5, 'MLO');
INSERT INTO book_to_category(book, category) VALUES (6, 'FAN');
INSERT INTO book_to_category(book, category) VALUES (7, 'MLO');
INSERT INTO book_to_category(book, category) VALUES (8, 'LIT');
INSERT INTO book_to_category(book, category) VALUES (9, 'OBY');
INSERT INTO book_to_category(book, category) VALUES (10, 'AUD');
INSERT INTO book_to_category(book, category) VALUES (11, 'DZI');
INSERT INTO book_to_category(book, category) VALUES (12, 'BIO');
INSERT INTO book_to_category(book, category) VALUES (13, 'HIS');
INSERT INTO book_to_category(book, category) VALUES (14, 'THR');
INSERT INTO book_to_category(book, category) VALUES (15, 'ENC');
INSERT INTO book_to_category(book, category) VALUES (16, 'BIZ');
INSERT INTO book_to_category(book, category) VALUES (17, 'POR');
INSERT INTO book_to_category(book, category) VALUES (18, 'POD');
INSERT INTO book_to_category(book, category) VALUES (19, 'INF');
INSERT INTO book_to_category(book, category) VALUES (20, 'KOM');
INSERT INTO book_to_category(book, category) VALUES (21, 'KUC');
INSERT INTO book_to_category(book, category) VALUES (22, 'SPO');
INSERT INTO book_to_category(book, category) VALUES (23, 'SZT');
INSERT INTO book_to_category(book, category) VALUES (24, 'TUR');
INSERT INTO book_to_category(book, category) VALUES (25, 'SCI');
INSERT INTO book_to_category(book, category) VALUES (26, 'FIL');
INSERT INTO book_to_category(book, category) VALUES (11, 'FAN');
INSERT INTO book_to_category(book, category) VALUES (26, 'FAK');
INSERT INTO book_to_category(book, category) VALUES (9, 'LIT');
INSERT INTO book_to_category(book, category) VALUES (27, 'ALB');
INSERT INTO book_to_category(book, category) VALUES (28, 'JEZ');
INSERT INTO book_to_category(book, category) VALUES (29, 'KAL');
INSERT INTO book_to_category(book, category) VALUES (30, 'NAU');
INSERT INTO book_to_category(book, category) VALUES (31, 'SCI');
INSERT INTO book_to_category(book, category) VALUES (32, 'PRA');
INSERT INTO book_to_category(book, category) VALUES (33, 'PSY');
INSERT INTO book_to_category(book, category) VALUES (34, 'REL');
INSERT INTO book_to_category(book, category) VALUES (35, 'ROM');
INSERT INTO book_to_category(book, category) VALUES (36, 'ROZ');
INSERT INTO book_to_category(book, category) VALUES (37, 'SEN');
INSERT INTO book_to_category(book, category) VALUES (38, 'SOC');
INSERT INTO book_to_category(book, category) VALUES (39, 'ZDR');

-- rola
INSERT INTO role(user_id , role) VALUES (null , 'ROLE_USER');
INSERT INTO role(user_id , role) VALUES (null , 'ROLE_ADMIN');

-- admin + user
INSERT INTO users(id , role_id , activated , email , password , token , username , acv_time_stamp)
VALUES (1 , 2 , TRUE , 'admin@test.pl' , 'adminadmin' , 'admin' , 'admin' , to_date('2014/04/25', 'YYYY/MM/DD'));
INSERT INTO users(id , role_id , activated , email , password , token , username , acv_time_stamp)
VALUES (2 , 1 , TRUE , 'user@test.pl' , 'useruser' , 'user' , 'user' , to_date('2014/04/25', 'YYYY/MM/DD'));

UPDATE role SET user_id = 2 WHERE id = 1;
UPDATE role SET user_id = 1 WHERE id = 2;

-- customer info
INSERT INTO adress(city,house_number,street_name,zip_code) VALUES ('DALESZYCE' , 85 , 'SIENKIEWICZA' , '26-021');
INSERT INTO customer_info(adress_id , email , name , phone_number , surname)
VALUES( 1 , 'user@test.pl' , 'Piotr' , 123456789 , 'Pleban');

-- oceny ksiazek
INSERT INTO book_rating(comment , nick , rating_date , rating , book_id) values ('Bardzo dobra książka' , 'Mól książkowy' , current_date , 5 , 1);
INSERT INTO book_rating(comment , nick , rating_date , rating , book_id) values ('Trochę nudna' , 'anonim' , current_date , 2 , 2);
INSERT INTO book_rating(comment , nick , rating_date , rating , book_id) values ('Końcówka do przewidzenia...' , 'Andrzej' , current_date , 3 , 10);

-- wiadomosc
INSERT INTO customer_message(customer_email , date , message) values ('user@test.pl' , current_date , 'Zamówienie gotowe do odbioru');

-- -- koszyk
-- INSERT INTO cart(cart_id, total_cost) VALUES (1, 20);
--
-- -- cartItem
-- INSERT INTO cart_item(cart_item_id, quantity, total_price, book_id, cart_id, cart_items_key)
-- VALUES (1, 20, 20, 1, 1, 1);
-- INSERT INTO cart_item(cart_item_id, quantity, total_price, book_id, cart_id, cart_items_key)
-- VALUES (2, 30, 200, 2, 1, 2);
-- INSERT INTO cart_item(cart_item_id, quantity, total_price, book_id, cart_id, cart_items_key)
-- VALUES (3, 10, 100, 3, 1, 3);
-- INSERT INTO cart_item(cart_item_id, quantity, total_price, book_id, cart_id, cart_items_key)
-- VALUES (4, 5, 30, 4, 1, 4);
--
-- -- zamowienie
-- INSERT INTO customer_order(order_id, date, order_number, paid, shipped, shipping_method, tracking_number, cartid, customer_id, user_id)
-- VALUES (1, current_date, 1, FALSE, FALSE, 'Wysylka Poczta', '123456', 1, 1, 1);
